recipe:position,225,250,275,300
a:bottom,61.738655323776634,53.9126266457646,74.4147298022299,98.78678448691863
a:top,51.7097508073881,52.00973520250385,68.5768584886738,50.22846966892846
b:bottom,57.0953198610063,61.904369208780096,61.19697984043502,99.2485405378462
b:top,82.45500355754845,95.22415071692416,98.59488079742296,58.1693494515916
c:bottom,96.47020728987583,52.00135826999715,92.8932266090869,65.47308375349299
c:top,71.30630808539618,82.79547665946649,92.09804948074834,53.96027254394625
d:bottom,52.799752769393436,58.6704190824554,51.74768584591583,56.18310975538724
d:top,96.87317768710628,76.10136308022487,59.57162006747366,50.97162620243185
